{"schemaVersion":"1.0","appDefinitionTemplate":{"id":"/providers/Microsoft.PowerApps/apps/","type":"Microsoft.PowerApps/apps","tags":{"primaryDeviceWidth":"1366","primaryDeviceHeight":"768","sienaVersion":"20211208T092528Z-3.21113.12.0","deviceCapabilities":"","supportsPortrait":"true","supportsLandscape":"true","primaryFormFactor":"Tablet","publisherVersion":"3.21113.12","minimumRequiredApiVersion":"2.2.0","hasComponent":"false","hasUnlockedComponent":"false","isUnifiedRootApp":"false"},"properties":{"appVersion":"2021-12-08T09:25:28Z","lifeCycleId":"Published","createdByClientVersion":{"major":3,"minor":21113,"build":12,"revision":0,"majorRevision":0,"minorRevision":0},"minClientVersion":{"major":3,"minor":21113,"build":12,"revision":0,"majorRevision":0,"minorRevision":0},"backgroundColor":"RGBA(0,176,240,1)","backgroundImageUri":"/3867834221705337559/Nc39353b5-35a5-42b0-8535-8237dbbe1416-logoSmallFile","displayName":"DemoApp","description":"","commitMessage":"","appUris":{"documentUri":{"value":"/3867834221705337559/Nb8dc29c2-845c-4e30-933e-29acbcc07a6f-document.msapp"},"imageUris":[]},"createdTime":"0001-01-01T00:00:00Z","lastModifiedTime":"0001-01-01T00:00:00Z","sharedGroupsCount":0,"sharedUsersCount":0,"icons":{"smallIconUri":"/3867834221705337559/N5dbaed21-93be-4619-b25b-15b67b1add99-small.png","mediumIconUri":"/3867834221705337559/Na9d5d45e-ee1f-46ce-8ad6-77cb2a05f8cc-medium.png","largeIconUri":"/3867834221705337559/N769601e9-0384-4e16-b37e-15b12b117ed7-large.png","wideIconUri":"/3867834221705337559/N6f4108d0-a66f-4dcb-a3fc-213a53770acf-wide.png"},"connectionReferences":{},"databaseReferences":{"default.cds":{"databaseDetails":{"referenceType":"Environmental","environmentName":"default.cds","overrideValues":{"status":"NotSpecified"}},"dataSources":{"Events":{"entitySetName":"jpn_events","logicalName":"jpn_event"}},"actions":["providers/PowerPlatform.Governance/Operations/Read"]}},"almMode":"Environment","performanceOptimizationEnabled":true,"canConsumeAppPass":true,"executionRestrictions":{"isTeamsOnly":false,"dataLossPreventionEvaluationResult":{"status":"Compliant","lastEvaluationDate":"2021-11-03T11:05:23.9774663Z","violations":[],"violationsByPolicy":[],"violationErrorMessage":"The app uses the following connectors: ."}}},"appType":"ClassicCanvasApp","appComponents":[]}}